{
	"skins": {
		"eui.Button": "resource/eui_skins/ButtonSkin.exml",
		"eui.CheckBox": "resource/eui_skins/CheckBoxSkin.exml",
		"eui.HScrollBar": "resource/eui_skins/HScrollBarSkin.exml",
		"eui.HSlider": "resource/eui_skins/HSliderSkin.exml",
		"eui.Panel": "resource/eui_skins/PanelSkin.exml",
		"eui.TextInput": "resource/eui_skins/TextInputSkin.exml",
		"eui.ProgressBar": "resource/eui_skins/ProgressBarSkin.exml",
		"eui.RadioButton": "resource/eui_skins/RadioButtonSkin.exml",
		"eui.Scroller": "resource/eui_skins/ScrollerSkin.exml",
		"eui.ToggleSwitch": "resource/eui_skins/ToggleSwitchSkin.exml",
		"eui.VScrollBar": "resource/eui_skins/VScrollBarSkin.exml",
		"eui.VSlider": "resource/eui_skins/VSliderSkin.exml",
		"eui.ItemRenderer": "resource/eui_skins/ItemRendererSkin.exml",
		"GameApp": "resource/eui_skins/GameApp.exml",
		"HomeTabPanel": "resource/eui_skins/homeTab/HomeTabPanel.exml",
		"RechangePanel": "resource/eui_skins/dialog/RechangePanel.exml",
		"WithdrawPanel": "resource/eui_skins/dialog/WithdrawPanel.exml",
		"GamePanel": "resource/eui_skins/game/GamePanel.exml",
		"VirtualJoystick": "resource/eui_skins/game/VirtualJoystick.exml",
		"GiftSprite": "resource/eui_skins/game/GiftSprite.exml",
		"Feedback": "resource/eui_skins/fankui/Feedback.exml"
	},
	"autoGenerateExmlsList": true,
	"exmls": [
		"resource/eui_skins/ButtonSkin.exml",
		"resource/eui_skins/CheckBoxSkin.exml",
		"resource/eui_skins/dialog/RechangePanel.exml",
		"resource/eui_skins/dialog/WithdrawPanel.exml",
		"resource/eui_skins/fankui/Feedback.exml",
		"resource/eui_skins/game/GamePanel.exml",
		"resource/eui_skins/game/GamerUi.exml",
		"resource/eui_skins/game/GiftSprite.exml",
		"resource/eui_skins/game/VirtualJoystick.exml",
		"resource/eui_skins/GameApp.exml",
		"resource/eui_skins/homeTab/HomeTabItem.exml",
		"resource/eui_skins/homeTab/HomeTabPanel.exml",
		"resource/eui_skins/HScrollBarSkin.exml",
		"resource/eui_skins/HSliderSkin.exml",
		"resource/eui_skins/ItemRendererSkin.exml",
		"resource/eui_skins/PanelSkin.exml",
		"resource/eui_skins/ProgressBarSkin.exml",
		"resource/eui_skins/RadioButtonSkin.exml",
		"resource/eui_skins/ScrollerSkin.exml",
		"resource/eui_skins/TextInputSkin.exml",
		"resource/eui_skins/ToggleSwitchSkin.exml",
		"resource/eui_skins/VScrollBarSkin.exml",
		"resource/eui_skins/VSliderSkin.exml"
	],
	"path": "resource/default.thm.json"
}