{"file":"asserts.png","frames":{
"b_1":{"x":982,"y":482,"w":300,"h":139,"offX":0,"offY":0,"sourceW":300,"sourceH":139},
"b_2":{"x":869,"y":0,"w":300,"h":172,"offX":0,"offY":0,"sourceW":300,"sourceH":172},
"b_3":{"x":1171,"y":0,"w":300,"h":114,"offX":0,"offY":0,"sourceW":300,"sourceH":114},
"b_4":{"x":869,"y":174,"w":300,"h":152,"offX":0,"offY":0,"sourceW":300,"sourceH":152},
"b_5":{"x":982,"y":328,"w":300,"h":152,"offX":0,"offY":0,"sourceW":300,"sourceH":152},
"b_6":{"x":1171,"y":116,"w":100,"h":127,"offX":0,"offY":0,"sourceW":100,"sourceH":127},
"b_7":{"x":1273,"y":116,"w":100,"h":127,"offX":0,"offY":0,"sourceW":100,"sourceH":127},
"b_8":{"x":0,"y":441,"w":401,"h":372,"offX":0,"offY":0,"sourceW":401,"sourceH":372},
"bar_1":{"x":0,"y":815,"w":800,"h":117,"offX":0,"offY":0,"sourceW":800,"sourceH":117},
"bar_2":{"x":0,"y":934,"w":764,"h":84,"offX":18,"offY":13,"sourceW":800,"sourceH":117},
"c":{"x":403,"y":441,"w":310,"h":334,"offX":0,"offY":0,"sourceW":310,"sourceH":334},
"f":{"x":0,"y":0,"w":600,"h":439,"offX":0,"offY":0,"sourceW":600,"sourceH":439},
"field":{"x":602,"y":328,"w":300,"h":70,"offX":0,"offY":0,"sourceW":300,"sourceH":70},
"l1":{"x":802,"y":736,"w":261,"h":254,"offX":0,"offY":0,"sourceW":261,"sourceH":254},
"l2":{"x":1065,"y":736,"w":260,"h":254,"offX":0,"offY":0,"sourceW":260,"sourceH":254},
"s1":{"x":602,"y":0,"w":265,"h":293,"offX":0,"offY":0,"sourceW":265,"sourceH":293},
"s2":{"x":715,"y":441,"w":265,"h":293,"offX":0,"offY":0,"sourceW":265,"sourceH":293}}}