{
	"groups": [
		{
			"keys": "checkbox_select_disabled_png,checkbox_select_down_png,checkbox_select_up_png,checkbox_unselect_png,selected_png,border_png,header_png,radiobutton_select_disabled_png,radiobutton_select_down_png,radiobutton_select_up_png,radiobutton_unselect_png,roundthumb_png,thumb_png,track_png,tracklight_png,handle_png,off_png,on_png,button_down_png,button_up_png,thumb_pb_png,track_pb_png,track_sb_png,bg_jpg,egret_icon_png,description_json,asserts_json,pangzi_png,banner_png,main_bg_jpg,grass_jpg,plant_png,play_png,grass_bg_jpg,tree1_png,tree2_png,wandou_png,saomiao_png,fire_png,stone_png,egg_png,guaiwu_png,mountain_png,bg_png,guang1_png,guang2_png,title_png",
			"name": "preload"
		}
	],
	"resources": [
		{
			"url": "assets/CheckBox/checkbox_select_disabled.png",
			"type": "image",
			"name": "checkbox_select_disabled_png"
		},
		{
			"url": "assets/CheckBox/checkbox_select_down.png",
			"type": "image",
			"name": "checkbox_select_down_png"
		},
		{
			"url": "assets/CheckBox/checkbox_select_up.png",
			"type": "image",
			"name": "checkbox_select_up_png"
		},
		{
			"url": "assets/CheckBox/checkbox_unselect.png",
			"type": "image",
			"name": "checkbox_unselect_png"
		},
		{
			"url": "assets/ItemRenderer/selected.png",
			"type": "image",
			"name": "selected_png"
		},
		{
			"url": "assets/Panel/border.png",
			"type": "image",
			"name": "border_png"
		},
		{
			"url": "assets/Panel/header.png",
			"type": "image",
			"name": "header_png"
		},
		{
			"url": "assets/RadioButton/radiobutton_select_disabled.png",
			"type": "image",
			"name": "radiobutton_select_disabled_png"
		},
		{
			"url": "assets/RadioButton/radiobutton_select_down.png",
			"type": "image",
			"name": "radiobutton_select_down_png"
		},
		{
			"url": "assets/RadioButton/radiobutton_select_up.png",
			"type": "image",
			"name": "radiobutton_select_up_png"
		},
		{
			"url": "assets/RadioButton/radiobutton_unselect.png",
			"type": "image",
			"name": "radiobutton_unselect_png"
		},
		{
			"url": "assets/ScrollBar/roundthumb.png",
			"type": "image",
			"name": "roundthumb_png"
		},
		{
			"url": "assets/Slider/thumb.png",
			"type": "image",
			"name": "thumb_png"
		},
		{
			"url": "assets/Slider/track.png",
			"type": "image",
			"name": "track_png"
		},
		{
			"url": "assets/Slider/tracklight.png",
			"type": "image",
			"name": "tracklight_png"
		},
		{
			"url": "assets/ToggleSwitch/handle.png",
			"type": "image",
			"name": "handle_png"
		},
		{
			"url": "assets/ToggleSwitch/off.png",
			"type": "image",
			"name": "off_png"
		},
		{
			"url": "assets/ToggleSwitch/on.png",
			"type": "image",
			"name": "on_png"
		},
		{
			"url": "assets/Button/button_down.png",
			"type": "image",
			"name": "button_down_png"
		},
		{
			"url": "assets/Button/button_up.png",
			"type": "image",
			"name": "button_up_png"
		},
		{
			"url": "assets/ProgressBar/thumb_pb.png",
			"type": "image",
			"name": "thumb_pb_png"
		},
		{
			"url": "assets/ProgressBar/track_pb.png",
			"type": "image",
			"name": "track_pb_png"
		},
		{
			"url": "assets/ScrollBar/track_sb.png",
			"type": "image",
			"name": "track_sb_png"
		},
		{
			"url": "assets/bg.jpg",
			"type": "image",
			"name": "bg_jpg"
		},
		{
			"url": "assets/egret_icon.png",
			"type": "image",
			"name": "egret_icon_png"
		},
		{
			"url": "config/description.json",
			"type": "json",
			"name": "description_json"
		},
		{
			"url": "assets/mwy/asserts.json",
			"type": "sheet",
			"name": "asserts_json",
			"subkeys": "b_1,b_2,b_3,b_4,b_5,b_6,b_7,b_8,bar_1,bar_2,c,f,field,l1,l2,s1,s2"
		},
		{
			"url": "assets/mwy/pangzi.png",
			"type": "image",
			"name": "pangzi_png"
		},
		{
			"url": "assets/mwy/banner.png",
			"type": "image",
			"name": "banner_png"
		},
		{
			"url": "assets/mwy/main_bg.jpg",
			"type": "image",
			"name": "main_bg_jpg"
		},
		{
			"url": "assets/mwy/grass.jpg",
			"type": "image",
			"name": "grass_jpg"
		},
		{
			"url": "assets/mwy/plant.png",
			"type": "image",
			"name": "plant_png"
		},
		{
			"name": "play_png",
			"type": "image",
			"url": "assets/mwy/play.png"
		},
		{
			"name": "grass_bg_jpg",
			"type": "image",
			"url": "assets/mwy/grass_bg.jpg"
		},
		{
			"name": "tree1_png",
			"type": "image",
			"url": "assets/mwy/tree1.png"
		},
		{
			"name": "tree2_png",
			"type": "image",
			"url": "assets/mwy/tree2.png"
		},
		{
			"name": "wandou_png",
			"type": "image",
			"url": "assets/mwy/wandou.png"
		},
		{
			"name": "saomiao_png",
			"type": "image",
			"url": "assets/mwy/saomiao.png"
		},
		{
			"name": "fire_png",
			"type": "image",
			"url": "assets/mwy/fire.png"
		},
		{
			"name": "stone_png",
			"type": "image",
			"url": "assets/mwy/stone.png"
		},
		{
			"name": "egg_png",
			"type": "image",
			"url": "assets/mwy/egg.png"
		},
		{
			"name": "guaiwu_png",
			"type": "image",
			"url": "assets/mwy/guaiwu.png"
		},
		{
			"name": "mountain_png",
			"type": "image",
			"url": "assets/mwy/mountain.png"
		},
		{
			"name": "bg_png",
			"type": "image",
			"url": "assets/mwy/bg.png"
		},
		{
			"name": "guang1_png",
			"type": "image",
			"url": "assets/mwy/guang1.png"
		},
		{
			"name": "guang2_png",
			"type": "image",
			"url": "assets/mwy/guang2.png"
		},
		{
			"name": "title_png",
			"type": "image",
			"url": "assets/mwy/title.png"
		}
	]
}